{
  "health": {
    "timestamp": "2025-08-07T14:04:45.737132",
    "grade": "F",
    "score": 37.34,
    "resources": {
      "cpu_percent": 43.3,
      "memory_percent": 76.9,
      "memory_available_gb": 14.49847412109375,
      "disk_percent": 72.9,
      "disk_free_gb": 12.729610443115234
    },
    "agent_health": {
      "sentiment": {
        "status": "healthy",
        "last_update": "2025-08-07T14:04:46.738709",
        "uptime": 24.5,
        "error_rate": 0.01,
        "processed_items": 1000
      },
      "technical": {
        "status": "healthy",
        "last_update": "2025-08-07T14:04:46.738721",
        "uptime": 24.5,
        "error_rate": 0.01,
        "processed_items": 1000
      },
      "ml_predictor": {
        "status": "healthy",
        "last_update": "2025-08-07T14:04:46.738725",
        "uptime": 24.5,
        "error_rate": 0.01,
        "processed_items": 1000
      },
      "backtest": {
        "status": "healthy",
        "last_update": "2025-08-07T14:04:46.738728",
        "uptime": 24.5,
        "error_rate": 0.01,
        "processed_items": 1000
      },
      "trade_executor": {
        "status": "healthy",
        "last_update": "2025-08-07T14:04:46.738731",
        "uptime": 24.5,
        "error_rate": 0.01,
        "processed_items": 1000
      },
      "whale_detector": {
        "status": "healthy",
        "last_update": "2025-08-07T14:04:46.738734",
        "uptime": 24.5,
        "error_rate": 0.01,
        "processed_items": 1000
      }
    },
    "data_coverage": 99.33774834437085,
    "uptime": 53.140482999444444
  },
  "alerts": []
}