coin,timestamp,pred_1h,conf_1h,pred_24h,conf_24h,pred_168h,conf_168h,pred_720h,conf_720h
COIN_000,2024-02-03 08:00:00,0.0001686582595664367,0.9996528052154582,0.0032477571157964857,0.9993727358466832,0.0013357737116624073,0.9992125907417695,0.015578970754256015,0.9986803583105673
COIN_001,2024-02-03 09:00:00,-0.00313677560209868,0.9999068366473935,0.0009842501147176998,0.9995009245866167,0.013200406011086796,0.9995890694216253,-0.0014277135698554874,0.9996678889947656
COIN_002,2024-02-03 10:00:00,-0.0009282475827348875,0.9994147437820632,0.001548179324419927,0.9995129391599101,-0.007791855580645222,0.9985307442165258,0.017007536632487774,0.9979463827900081
COIN_003,2024-02-03 11:00:00,-0.00021855770305574513,0.9998652498764294,0.0017893896936985669,0.9992144507337468,-0.005413917962285731,0.9993559944922419,0.02023491899425253,0.9983029274014231
COIN_004,2024-02-03 12:00:00,0.0005709016421925031,0.9997468253739631,0.00543621292660032,0.9986077650504711,-0.005136415404182329,0.9987923455993356,0.0025118708581773363,0.9988677867531104
COIN_005,2024-02-03 13:00:00,0.0004280351925831864,0.9995425514521562,-0.0050137931260440536,0.9993858982164943,0.007479534786379351,0.9987361280054978,0.00445669107532435,0.9976888633257516
COIN_006,2024-02-03 14:00:00,-0.004174003669984785,0.9998599464756528,0.0020913365957852892,0.9991871962772653,0.0026489898082867123,0.9992538830012692,0.014468092392574369,0.998881273758953
COIN_007,2024-02-03 15:00:00,-0.0022364572854934386,0.9995494881988145,-0.006367511194821473,0.9997164168874546,0.002126014398744212,0.9994278767846292,-0.015963957757446686,0.9978481185095157
COIN_008,2024-02-03 16:00:00,-0.001818755916123282,0.9998941870937743,-0.0024179430736752682,0.9991591883007964,0.004369302212355593,0.9995943470267402,0.0038989682176959494,0.9984483466930361
COIN_009,2024-02-03 17:00:00,-0.0008093806305809974,0.99981015924765,-0.0010095069631654804,0.9996032498480985,-0.0009562909904960843,0.999649769415825,0.005326527083648555,0.9993941995466847
COIN_010,2024-02-03 18:00:00,0.00268502784401254,0.9996967268813884,-0.003434586823050272,0.9994562136726569,0.010097660551209043,0.9996920313778775,-0.011868238406888878,0.9991874067475415
COIN_011,2024-02-03 19:00:00,-0.002115214511418074,0.9995310523449205,0.0012114676447121692,0.9990951689607024,-0.014978303658106984,0.9991959046974721,0.006910810225540613,0.998819078185211
COIN_012,2024-02-03 20:00:00,0.0014127103579692126,0.9993703628946539,0.0030162503385642073,0.9994253105285693,-0.00457875079426408,0.999043282548642,0.005697353310936132,0.997827173370833
COIN_013,2024-02-03 21:00:00,-0.002998934445623697,0.9997422918679546,0.0001344126732094993,0.9997486300234659,0.0009540742169869068,0.9998546630918883,9.752595729171898e-05,0.9979700114269056
COIN_014,2024-02-03 22:00:00,-0.0005292296440170881,0.9997965953526314,-0.0011625442267678135,0.999625131056556,-0.023946658780113882,0.9991623900135889,0.027696388504155428,0.9983989428104563
COIN_015,2024-02-03 23:00:00,0.0031685362815351194,0.9999219665567856,-0.011032141909063473,0.9995543235346475,-0.011337933610084035,0.9997236175888286,-0.01322279251280059,0.997405772316958
COIN_016,2024-02-04 00:00:00,-0.004402764687845594,0.9998264355338097,-0.008280180155197901,0.9996395676045687,0.008054857060404997,0.9998095833397203,-0.013741834074731119,0.9979711494073374
COIN_017,2024-02-04 01:00:00,0.0041466592675120295,0.9997372416912861,0.006033380020732911,0.999207123701581,-9.691726861570679e-05,0.9993021774595372,0.010886747059381018,0.9990519769494975
COIN_018,2024-02-04 02:00:00,-0.0026030809856127557,0.9998067558649865,0.0017977025883342875,0.9994847496512334,0.002740892224867165,0.9999105003383923,0.00890679586999097,0.9986247027533219
COIN_019,2024-02-04 03:00:00,-0.005255089393641071,0.9998180915400666,0.0018544560118339036,0.9997763067916224,-0.011534496281131639,0.9985650953911639,-0.010515041819452392,0.9994632970145383
COIN_000,2024-02-04 04:00:00,0.0012344480502450167,0.9998316359065165,-0.005128291873514836,0.9998316342181597,-0.0007449162624293754,0.9984882954265961,-0.025669010935285935,0.9988947396755027
COIN_001,2024-02-04 05:00:00,0.0006269736954992292,0.9997093473952362,0.009730084361156946,0.9993922485709031,-0.0035837654376314493,0.9992191693989286,0.004756208870629637,0.9980112153703493
COIN_002,2024-02-04 06:00:00,-0.00025504788972158466,0.9998709057906181,-0.003173809791786166,0.9992752739133858,0.0006383404871155451,0.9993999152844277,0.02024011988938584,0.9984833487993218
COIN_003,2024-02-04 07:00:00,-0.0047412022505515196,0.999840698698077,-0.006937436621013183,0.9997070787569239,0.006542615527645393,0.9993575973040656,-0.0010877907699412255,0.9995388418258675
COIN_004,2024-02-04 08:00:00,-0.00372426124344584,0.9995457437003102,0.0054322841094839106,0.9991498702674358,-0.00513379154743238,0.9987089082022448,-0.027181293302587093,0.9976793408139054
COIN_005,2024-02-04 09:00:00,-0.0026015118352925733,0.9997714412034486,-0.0035355906525115694,0.9996801698176494,0.0015035328752664905,0.9995538198639187,-0.004890570093284361,0.9980930335255842
COIN_006,2024-02-04 10:00:00,-0.0030619405971359487,0.9999223257823836,-0.004551189539826268,0.9996446438562435,-0.008290490842671867,0.9986385604371479,0.007470234902908733,0.9986716151407135
COIN_007,2024-02-04 11:00:00,-0.000615438878806459,0.9998215690617982,5.929788871847215e-05,0.9993179913760699,-0.004260154194550223,0.9996055732640182,-0.008140968296359264,0.9994860029043999
COIN_008,2024-02-04 12:00:00,-0.0011124748141531327,0.9996804825617621,0.003759338990661337,0.9987041333631583,-0.007990108163335535,0.9995520701789757,-0.000361831453536039,0.9983424449575166
COIN_009,2024-02-04 13:00:00,1.992040106246178e-05,0.9996564310990249,-0.0008226790702396359,0.9997073147298638,-0.004397966149579654,0.9983630651231598,-0.005391558621166091,0.9995856907247475
COIN_010,2024-02-04 14:00:00,-0.003413425924924319,0.9999431113154637,0.004159716707741789,0.9994411072826938,-0.006444603766300862,0.9993558250772052,-0.004745714715207974,0.9968831884600652
COIN_011,2024-02-04 15:00:00,-0.0003170597122581358,0.9996674567456307,0.010672193025600032,0.9989599022379884,0.0031194689161570463,0.9995759485759599,-0.016809686828361967,0.9989690596277868
COIN_012,2024-02-04 16:00:00,-4.349300644054221e-05,0.9998697318026345,-0.0011514134131104445,0.9989583955463166,-0.00015584106887188052,0.9996275746674979,0.015935801143282472,0.9988060052227372
COIN_013,2024-02-04 17:00:00,0.004675433502331226,0.9997799565567618,0.0010486266619601711,0.9992330880054427,0.0005746583600458928,0.9997217820216904,0.003798093537969125,0.998678781581575
COIN_014,2024-02-04 18:00:00,-0.00028517184246099064,0.9997876360411907,0.004422789434381431,0.9991531154438391,-0.009847286860632121,0.9985283347907655,-0.02382108327138227,0.9960504651262083
COIN_015,2024-02-04 19:00:00,0.00212477597238459,0.9996274860954122,0.0050694769389044774,0.9991149273319583,-0.001544879106570905,0.9983267435696017,-0.004476953994550433,0.9988242075355542
COIN_016,2024-02-04 20:00:00,0.0014543372831591552,0.9995709587438397,0.001327990011809716,0.9991642150904162,-0.00146844453672651,0.9987387177316555,-0.0011072485330399934,0.9991445000070744
COIN_017,2024-02-04 21:00:00,0.0010170217829930956,0.9994076586233048,0.00884923141673169,0.9990195703937869,-0.00209666256260801,0.9990221177525239,0.00693543197193314,0.9965589546811765
COIN_018,2024-02-04 22:00:00,-0.0018881073018154795,0.9998417593447249,-0.001638102420623277,0.9991715869219306,-0.00010026074482607837,0.9991046227959715,0.013598368126069918,0.998520562199322
COIN_019,2024-02-04 23:00:00,0.002982006750726348,0.9996408044474199,-0.00023253534524162356,0.9993830703009416,0.011352832907393239,0.9983067176674294,0.01617630196202643,0.999596012358789
COIN_000,2024-02-05 00:00:00,-0.0009923934237670606,0.9995660409580698,-0.0019396535521422874,0.9990498262414087,0.0012313494636453893,0.9993715806069741,-0.005242372191155051,0.9993574190061872
COIN_001,2024-02-05 01:00:00,-0.0012251643634855539,0.9997148658974399,0.00933932019297166,0.9992026335269824,0.007164615884716796,0.9996477921239769,-0.005497193765091806,0.9990141551254998
COIN_002,2024-02-05 02:00:00,0.0015691566631674144,0.9997182791389646,0.0014632033639440857,0.9994007326769918,0.00547548992625575,0.9980634491316956,-0.005952705512800998,0.9987205934025499
COIN_003,2024-02-05 03:00:00,0.0019035692795444602,0.9996930405935393,-0.0031473850556334028,0.9995866256450668,0.0014066312235131333,0.9997652628603072,-0.005706756669869077,0.9977041074226535
COIN_004,2024-02-05 04:00:00,-0.0017506201239969774,0.9998291495604611,-0.000860389146324884,0.9993639953799175,0.0012829675101734483,0.9995832559285396,-0.004894876416632265,0.9986992865582541
COIN_005,2024-02-05 05:00:00,-6.761769689350807e-05,0.9996826016782876,0.006748660120036688,0.9992820091241715,-0.013854713585900772,0.9994254966551003,0.019299731969748917,0.9982987266286064
COIN_006,2024-02-05 06:00:00,0.003709053901730704,0.9998796575421174,4.561005202621363e-05,0.998742719063205,-0.007122350203367228,0.9986659387735227,-0.009815804075547996,0.9988142244225349
COIN_007,2024-02-05 07:00:00,-0.0020021103047300017,0.9998655253509593,0.000494051367284388,0.9987659302798524,-0.0029304832653111925,0.9994451800539819,0.007109783218745972,0.9977137765638661
COIN_008,2024-02-05 08:00:00,-0.0015139882909486113,0.9995810344421355,0.005388042411016058,0.9994396759404214,0.00555499166669443,0.9991253226109702,0.014630989291018123,0.9983757744010592
COIN_009,2024-02-05 09:00:00,-0.0033098293902521767,0.9995083028996331,-0.004248095470801829,0.999770123088011,-0.001146120433923018,0.9993430108750052,-0.014844477537479429,0.9987278153042545
COIN_010,2024-02-05 10:00:00,-5.671974780878242e-05,0.9994121967525157,-0.0001215157137861187,0.9993684894647485,-0.006721004337574099,0.9986043503726035,0.006802945914928852,0.9986351448639308
COIN_011,2024-02-05 11:00:00,0.00048217685405635625,0.9998345252937045,0.008228380428287153,0.9995775952222812,-0.015032545196150276,0.9983458480985443,-0.005080361588467367,0.9980202781773658
COIN_012,2024-02-05 12:00:00,0.00262985124269716,0.9998282972008736,0.0005877320296547207,0.9994268389912059,-0.0004401169058608192,0.9989565343368688,-0.016929947120388304,0.999020240650464
COIN_013,2024-02-05 13:00:00,0.005849048126830836,0.9999275470343738,-0.0020591317691821057,0.9994518167305829,0.004022282886186268,0.9993400404453442,-0.009850076610651888,0.9989199657021087
COIN_014,2024-02-05 14:00:00,-0.0006050586967171318,0.9998841889691195,-0.003948810473530263,0.9986984986529913,-0.00019195667932200006,0.9987999626483265,-0.005556420510469028,0.9992309706434109
COIN_015,2024-02-05 15:00:00,-0.0001271684714518938,0.9996564143518163,0.0007936190378522341,0.9994846425125922,0.001740999069228006,0.9997095365933307,0.0015607639959901154,0.996741980471801
COIN_016,2024-02-05 16:00:00,-0.00028271217691904106,0.9996042566153573,-0.0041505434531011924,0.9992120870326089,0.0016283810040019686,0.9998324363704915,-0.006231873642200135,0.99947321980067
COIN_017,2024-02-05 17:00:00,-0.0015161270120771196,0.99959660721335,0.0017534659446048456,0.9989396740017678,0.00036142957222066893,0.998810047291288,-0.03081167911094655,0.9991310099528427
COIN_018,2024-02-05 18:00:00,0.0017695778532376043,0.9994510999654508,-0.0028795606588875584,0.9997228151280466,0.007260998589985616,0.9994888460976361,-0.005365442712851575,0.9984615872278765
COIN_019,2024-02-05 19:00:00,0.0004552573643702141,0.9996994605614453,-0.010390522101033318,0.9995187268852697,-0.0076540216463129,0.9996821596970018,-0.006369659938813052,0.9964583752277135
COIN_000,2024-02-05 20:00:00,-0.0009510519534313105,0.9995925783817627,0.0025039035319519712,0.9992549680314816,-0.01065742697335785,0.9996069295869446,0.018266482602025208,0.999198035101231
COIN_001,2024-02-05 21:00:00,0.001659643717093258,0.9999278401397886,-0.006556484254156224,0.9991804496755634,0.0038996433812680427,0.9998506156502779,-0.022104090946546234,0.9975625186604876
COIN_002,2024-02-05 22:00:00,5.0744991615062964e-05,0.999754282350975,-0.0004950631269224435,0.9995001637108594,0.00016529043243437578,0.9998396178485868,-0.009709889744279757,0.9983761737433857
COIN_003,2024-02-05 23:00:00,0.001328148619478561,0.999810155131953,0.0024080414587539555,0.9989381270430089,0.0063093038723750355,0.9987557308985919,-0.00895257382136701,0.9990862486616137
COIN_004,2024-02-06 00:00:00,0.0006218868290215952,0.9997450855497793,-0.006719754592463333,0.9993523765401107,-0.007062108905242413,0.9987274493288448,-0.010736026001775171,0.9994131259449658
COIN_005,2024-02-06 01:00:00,-0.0010077584049482562,0.9996325961701106,-0.005851153739458497,0.9994325805558056,0.007198167890171141,0.9994609992584562,0.01539419783087842,0.9985853452477812
COIN_006,2024-02-06 02:00:00,4.212463551543684e-05,0.9997029663265536,0.0018499003488423738,0.9998886180420985,0.0019258806125675508,0.9990427973939706,-0.014067778180390103,0.9978246456015747
COIN_007,2024-02-06 03:00:00,0.000912015381011833,0.9997719754101513,-0.0040686522354732215,0.9990772445337679,-0.0024310671608994716,0.9998368455339429,-0.005208515211592236,0.9979096751051119
COIN_008,2024-02-06 04:00:00,0.0010487111538821155,0.9997388480234175,0.0018736983846446276,0.9993340411001673,0.012604966850955262,0.9991492957610612,-0.007820674674420594,0.9986799298237983
COIN_009,2024-02-06 05:00:00,-0.004328875987005996,0.9995418600044584,0.0030078593037867417,0.9994707167579786,-0.007197081809507832,0.9990746609330013,0.008585508401196137,0.9962189551794136
COIN_010,2024-02-06 06:00:00,0.001862311937252165,0.999737968112641,-0.002049726215383864,0.9995273367410809,0.0022494484861855196,0.9993560740075662,0.01676584562084857,0.9993389303702516
COIN_011,2024-02-06 07:00:00,-0.0017000697551027577,0.9997889339299005,-0.005333730548683791,0.9991713754253522,-0.0011435736064440898,0.9991651809813423,-0.0005012282587176309,0.9980363897465123
COIN_012,2024-02-06 08:00:00,-0.005793687363526339,0.9999368791962522,0.00993238407223074,0.9993803015905016,-0.01588601603821008,0.9994557922293356,0.005280162291409758,0.997035439494634
COIN_013,2024-02-06 09:00:00,7.610094345417379e-05,0.9998461799307136,0.003051731564647274,0.9988403474039764,-0.012784122375271025,0.9986785129963889,0.018243656695402663,0.9982990686997611
COIN_014,2024-02-06 10:00:00,0.0030781660412035005,0.9992643592006767,-0.0019882285200734985,0.9997974660530667,-0.0034167797940615452,0.99903978352397,-0.010747301859574357,0.9991693230317219
COIN_015,2024-02-06 11:00:00,0.0013129962311549893,0.9998430689555592,-0.0030558473551981304,0.9994998962724293,-0.0008105921144049738,0.9991870610507414,-0.0016932428152137962,0.9981885117464893
COIN_016,2024-02-06 12:00:00,-0.004240718290708143,0.9998381556521475,0.007824027785883444,0.9994570707330878,-0.006140987930146318,0.9992059458363298,0.02126003501535198,0.9988341326686999
COIN_017,2024-02-06 13:00:00,-0.0017507192451440697,0.999465926833332,0.006539915875898281,0.99966642972144,-0.0018988220772928079,0.9994999271858813,0.015533223401336125,0.997917006251513
COIN_018,2024-02-06 14:00:00,0.001793746482354931,0.9995440984232865,0.00855881197693715,0.9998249056888097,-0.009183032445950064,0.9994863217564284,0.0033552673189541937,0.9977977011295251
COIN_019,2024-02-06 15:00:00,-0.0016280858749823145,0.9998387746200096,-0.0031909654384372488,0.9984439584030127,-0.00046830375904169597,0.9995267506233019,0.0022826203942904128,0.9988151196896959
COIN_000,2024-02-06 16:00:00,0.001692648297789441,0.9998297240828018,-0.0074409580588099,0.9992611567679898,-0.0019057725355186887,0.9981520032556696,-0.00222838640849159,0.9969486855107871
COIN_001,2024-02-06 17:00:00,-0.002300247645538231,0.999698794202374,-0.0031143432885413417,0.9993200110694361,-0.0047314494260469,0.9991698869997336,0.01387987255499703,0.9986691955342616
COIN_002,2024-02-06 18:00:00,-0.0015036308550886144,0.9997925300638721,0.006440701572738978,0.9990387571750362,0.005218312406421083,0.999568165359629,0.004524153167764951,0.9986925353480302
COIN_003,2024-02-06 19:00:00,0.0017018273372282316,0.9997348351531087,-0.0017370861706274443,0.9997796211665698,-3.2217738288808086e-05,0.9998347236278885,-0.011242496734891689,0.9988060113461353
COIN_004,2024-02-06 20:00:00,0.0020540632984130925,0.9997249421414907,0.0030942631507706736,0.9998071587741113,-0.009480026983551446,0.9989959714131664,-0.012365984995955417,0.9992924392348511
COIN_005,2024-02-06 21:00:00,0.0010014156579465402,0.9997996242499131,-0.0009347007250376059,0.9994329341133548,-0.009445399470337894,0.9984026433184013,-0.009106048561011435,0.9987341567341346
COIN_006,2024-02-06 22:00:00,-0.0020319742936181426,0.9997363604102034,0.0008976558506139136,0.9990427213468306,-0.0035830060968442823,0.9997284913062489,0.008625313616019337,0.9997053396184798
COIN_007,2024-02-06 23:00:00,0.004353834617097505,0.9997346122667107,-0.0012693936913540451,0.9991208643156372,-0.0043017308256739035,0.9987384750356756,-0.007345605530935156,0.9989242657093388
COIN_008,2024-02-07 00:00:00,-0.0013785433821550724,0.9999611034345278,-0.003430965140834361,0.9997013814247749,0.0010270798790993846,0.9993899089097715,-0.0028635397879776324,0.998684757793736
COIN_009,2024-02-07 01:00:00,0.0002387340366931907,0.9995696839754898,-0.0023577949444409806,0.9983265779963642,0.0006647676918102627,0.9991081792155317,0.01555699762595864,0.9988006239419653
COIN_010,2024-02-07 02:00:00,-0.0032856953889432126,0.9996274378306077,0.001833428545724299,0.9995188337274713,-0.003892137881424028,0.9988388252829734,-0.003416234900954216,0.9972198806079201
COIN_011,2024-02-07 03:00:00,0.002486768033846001,0.9998264302587189,0.0013062772640174698,0.9992723700270889,-0.0007906779437688843,0.9989279656107897,0.012884703068097912,0.9988159180123736
COIN_012,2024-02-07 04:00:00,-0.0023311317778194206,0.9997118574543555,0.0018904422934674025,0.9995632097048114,-0.004825055469753506,0.9993558868494147,0.011420664184040362,0.9984234208390828
COIN_013,2024-02-07 05:00:00,-0.003521320306531416,0.9996119115078564,0.0008474467787411218,0.9998676123345572,-0.010022443996348135,0.9995097548000726,-0.0007162640237351694,0.9981881079180928
COIN_014,2024-02-07 06:00:00,0.0024861739855976937,0.9997936920977987,-0.0005170637468264583,0.9997302691157053,-0.008836301079556144,0.9995779261881875,-0.01011067938190859,0.9994241645309117
COIN_015,2024-02-07 07:00:00,-0.0011579467644736985,0.9995535008091222,0.0005829784413510917,0.999532029400845,-0.004303691702232357,0.9986732216546692,0.008615793610049298,0.9992039445390848
COIN_016,2024-02-07 08:00:00,-0.0007856128974014728,0.9997538903360551,-0.0015038376034149541,0.9995944255676625,-0.010128974510079389,0.9994782572072247,0.0025024926094132016,0.9975468622494194
COIN_017,2024-02-07 09:00:00,0.005212355311949746,0.9994275697645371,0.01093987235583674,0.999664217298816,0.0015154727159056565,0.9994327370921029,0.007067263975779722,0.9991589564278469
COIN_018,2024-02-07 10:00:00,-0.0031667948289844975,0.9995132366271663,0.0071764489911709676,0.9992667222083274,-0.006161829965447885,0.9976884436184148,-0.012594467228674201,0.9985469502444857
COIN_019,2024-02-07 11:00:00,-1.6245638999842207e-05,0.999744704647113,0.009095207896439438,0.9996056952844935,-0.016064318945195805,0.9995142782782759,0.0029721685829426302,0.9985994016440892
COIN_000,2024-02-07 12:00:00,-0.000637530193709467,0.9999829335689719,0.007447698052660477,0.9988013454764609,-0.01133638937584651,0.999907422337092,-0.0051732038486041855,0.9980019202303452
COIN_001,2024-02-07 13:00:00,-0.0025488480302136734,0.999707157945469,-0.0022366039007596776,0.9998712320662763,0.002984657850736065,0.9994855749859143,-0.0009026634635960286,0.9979493826979818
COIN_002,2024-02-07 14:00:00,0.0045154659923174216,0.9997947983976057,-0.0042314388578744465,0.9990013098989055,-0.007388615543297363,0.9996591176257587,0.005907805432193239,0.997589037665563
COIN_003,2024-02-07 15:00:00,0.0025844249287809507,0.9996194403381915,-0.0019773534226244574,0.9992497917741202,-0.001382273701962188,0.9982963839886798,0.010606073347348482,0.998786113829819
COIN_004,2024-02-07 16:00:00,0.00035513704223205477,0.9997310577215628,0.0007121724734761877,0.9998570704212174,0.003405623807109776,0.9996092022820647,-0.003011160714322923,0.9986403870165051
COIN_005,2024-02-07 17:00:00,0.0032408179628240865,0.9996373083221256,4.012695646788282e-05,0.9996159424430731,-0.0041423681039678166,0.9980264455955467,0.017402508963524563,0.9982928042019645
COIN_006,2024-02-07 18:00:00,0.002687060987732333,0.9998273270523338,-0.0010233943152461822,0.9989907517207142,-0.0011234908292568596,0.9995095677507178,-0.010293631964180266,0.9985588329556195
COIN_007,2024-02-07 19:00:00,-0.00032477290221150253,0.999676929122098,-4.739233001875218e-05,0.9994268447566244,-0.005464861630703797,0.9993076154960594,0.01412481623816938,0.9975416585045808
COIN_008,2024-02-07 20:00:00,0.004641860978373237,0.9996117696489111,-0.0006003045993525196,0.9994214891921638,0.007766093516741458,0.9982145629702178,0.013706377515358187,0.9981786902164358
COIN_009,2024-02-07 21:00:00,-0.0018270279990155638,0.9997134289818507,0.00017130326694765824,0.9995362733823591,-0.004100177483731083,0.998786691199713,-0.009084753881690466,0.998729370556924
COIN_010,2024-02-07 22:00:00,0.0008095252536313406,0.999624795367937,0.0047672457495411755,0.9991361746827535,0.0014713453550064999,0.9993094591490738,0.008752462351439309,0.9962171792715351
COIN_011,2024-02-07 23:00:00,-0.0017167218341003114,0.9996382268633576,-0.005224070324654418,0.9992328928516341,0.0033484985556225394,0.9990834821354728,0.00507355666289773,0.9980136917353217
COIN_012,2024-02-08 00:00:00,-0.0006313034318268248,0.9996931366376125,0.00878634929733659,0.9996584471053915,0.0018420876129364619,0.9992858683317652,0.0016738703001422989,0.9996051647530839
COIN_013,2024-02-08 01:00:00,0.0037062282922783302,0.9995919302863232,-0.004581033280626908,0.9997241963845656,2.0676705138932975e-05,0.9995916439028593,0.008194659008905066,0.99665957505667
COIN_014,2024-02-08 02:00:00,-0.0012010757605265684,0.9997190179471351,0.0035004693919062466,0.9991030308378338,-0.010399723173128192,0.9990155026018052,0.002070232510489482,0.9988259754410905
COIN_015,2024-02-08 03:00:00,0.0004534729987524253,0.9998915727455457,0.006937864170234734,0.9994528018701615,-0.002294070013774562,0.9985284903015208,-0.004466679134572447,0.9959133614726008
COIN_016,2024-02-08 04:00:00,-0.00022802756941324093,0.99984794956356,0.0040840240403325,0.9986629403969989,-0.0054232372565468576,0.9994521661959155,0.008427922487696393,0.9988163036968186
COIN_017,2024-02-08 05:00:00,-0.0028020657495360785,0.9998633903810745,-0.001366592455979208,0.9994723505878068,0.00013010462301409122,0.99958730488036,0.011840069911560934,0.99817790323366
COIN_018,2024-02-08 06:00:00,0.0006764832385689132,0.9996548827291113,-0.005361977857568347,0.9991612264388224,-0.0013178467703449605,0.9994321570889511,0.00449617687615001,0.9981102836350452
COIN_019,2024-02-08 07:00:00,-0.0014474128437186953,0.999652425594529,-0.006811276854034577,0.9997853870086877,0.0030210420034171687,0.998906834602019,0.011885523356121133,0.9985423698929579
COIN_000,2024-02-08 08:00:00,-0.0007518233157401038,0.999821557700844,0.00017146944086725473,0.9997273759149576,-0.0024570648949227506,0.9997099652796881,0.014167611022529052,0.9953844478002275
COIN_001,2024-02-08 09:00:00,-0.0009942269160679786,0.9996485918373244,0.0018757714764581553,0.9985875275425565,-0.01184629984301963,0.9988135968880764,0.003951763177810163,0.9992012727102556
COIN_002,2024-02-08 10:00:00,0.0032080958088945275,0.9995580930313999,-0.0013483399344740023,0.9994442064182093,0.0027882396122256774,0.9991145035105901,-0.007503706586345772,0.9963584988646238
COIN_003,2024-02-08 11:00:00,-0.0016483869604701207,0.9994959549955373,0.002043261494133428,0.9996490813858335,-0.010243299209925193,0.9990226560865844,0.011501087259488714,0.9990977129997568
COIN_004,2024-02-08 12:00:00,-0.0003741218294704017,0.9996418342585158,0.0011080756128924528,0.9992060947335617,-0.004733158555612471,0.9992503554162591,0.009554824230878443,0.997737450045263
COIN_005,2024-02-08 13:00:00,0.0004542743688587876,0.999441878095723,-0.006261825865289085,0.9993393513302382,-0.0015330105956806277,0.999621328177547,-1.3228856654710965e-05,0.9991099581410654
COIN_006,2024-02-08 14:00:00,0.0005785654501019145,0.9998109944294116,0.0022382877758285306,0.999564636991377,0.0009082115744602176,0.9984945571244052,0.01047423349700382,0.9989829913491549
COIN_007,2024-02-08 15:00:00,-0.0022615259666332525,0.9997093951501591,-0.003916810846265839,0.999368687019244,-0.0016320805976557573,0.9992245460522089,0.006999545544779732,0.9991434136054326
COIN_008,2024-02-08 16:00:00,-0.002813525987066766,0.9994385599269453,-0.00261692108152155,0.99925580932833,-0.002892989905901712,0.9993560567165165,0.003188794816805508,0.9987642998155484
COIN_009,2024-02-08 17:00:00,-0.0018204065378945849,0.9995252760195655,-0.0019127058498407453,0.9992696393103634,-0.001666470527492672,0.998812386299865,0.0036892637477852104,0.9992535429913846
COIN_010,2024-02-08 18:00:00,-0.0019253534511109857,0.9996916820503663,0.000756548580591333,0.9997607560475786,-0.0020860253105021726,0.9995991954390961,0.008101714402111456,0.9997280404150193
COIN_011,2024-02-08 19:00:00,-0.0008451550489764816,0.9995637498145385,0.0027538061514737113,0.9997908032929232,-0.0032061681583338652,0.9994780566593781,-0.002217923100227933,0.9991782274987101
COIN_012,2024-02-08 20:00:00,0.0014746412960202123,0.9996447233186927,0.004898132667026181,0.9991910668717463,-0.003230939971840244,0.9995041342630162,0.008065444606657464,0.9993797062748413
COIN_013,2024-02-08 21:00:00,8.051574302569369e-05,0.9998073780903194,0.0006384358487518576,0.9995622175582534,-0.0033088798751426743,0.9986688640534399,-0.0020389645289887507,0.9980186183663086
COIN_014,2024-02-08 22:00:00,-0.00026684749675177027,0.9996483793587951,0.0010894869291037093,0.9993621539331832,0.0030215051261424032,0.9995797513586195,-0.007709010028620625,0.999126378217282
COIN_015,2024-02-08 23:00:00,-0.002389501812382571,0.9995633811940998,-0.0005068089106360298,0.9998720895150813,0.0005719571003994983,0.9986579585851018,0.00763424176987771,0.9968503500055127
COIN_016,2024-02-09 00:00:00,-0.0023096301235064863,0.9997436949702653,0.00023287819412682272,0.9995880068083898,0.0017736561587492075,0.9992189931037688,-0.01552868083685686,0.9982537013191308
COIN_017,2024-02-09 01:00:00,0.0023771399786738858,0.9998522948627699,-0.0032264757077227527,0.9997878160033932,0.000185594716315243,0.9996874296766483,-0.003092220807178575,0.9996274510887565
COIN_018,2024-02-09 02:00:00,0.0025574461821720154,0.9998598851143257,0.0011143242340031457,0.9990745838220164,-0.004688380894803282,0.9987835366530796,-0.00023822902525500256,0.9987036601891028
COIN_019,2024-02-09 03:00:00,-0.0005230911234743531,0.9996135833217076,-0.0014327773791132127,0.997788558964199,0.0029648115358462137,0.9993683502142352,0.002680718571032016,0.9986708104429471
COIN_000,2024-02-09 04:00:00,0.0010033403051083343,0.9995574854232488,0.007906731056653864,0.9996994089901517,0.0015612623547986667,0.9991167751749366,-0.014378086199044541,0.9969819186921699
COIN_001,2024-02-09 05:00:00,0.0026822609837810693,0.9998488732255537,-0.0018423242627108713,0.9994485218453119,0.0015537736885344626,0.9996485631876476,0.007184283334651198,0.9993416086043347
COIN_002,2024-02-09 06:00:00,-0.0008447845237723068,0.9997872690675085,-0.001994124828899248,0.9991677408835717,-0.00019357726931004563,0.9991811259269964,-0.003978961659307992,0.9994611983095665
COIN_003,2024-02-09 07:00:00,-0.0021344844879627204,0.9998340586151229,-0.0005197064284205203,0.999150476774314,-0.006835161484888202,0.9990850382570772,-0.003668342832667915,0.9981987197425382
COIN_004,2024-02-09 08:00:00,0.00022048711410381237,0.9998784071134877,-0.0004697591714910988,0.9995645181864772,-0.005662039321695546,0.9992592659697492,-0.010133950307790983,0.9997932627607095
COIN_005,2024-02-09 09:00:00,0.0008028440627163612,0.9999432201748117,-0.00022631266773402283,0.9994046287964196,0.0005102425017334946,0.998923054638317,0.00391566552953504,0.9993913309757092
COIN_006,2024-02-09 10:00:00,-0.001568369397149944,0.9997591074619404,0.0013685708363845132,0.9989564950956662,-0.0044844717742755745,0.9976722323744011,0.0013501887410595195,0.9985233575297244
COIN_007,2024-02-09 11:00:00,-0.0006847167845628298,0.9998067329391294,-0.004017592986241114,0.9995664701804085,0.0005241753626677533,0.9986513954119508,-0.011463322115515323,0.9986850927765574
COIN_008,2024-02-09 12:00:00,0.0017305892240318099,0.9998440321363621,-0.005086198694896939,0.9995473618236635,0.00022687363676815678,0.9989741859424878,-0.017735036242126443,0.9955725493965578
COIN_009,2024-02-09 13:00:00,-0.0013772171477417303,0.9995642485101169,-0.0036239775166650562,0.9988001773717667,0.0030572455980805886,0.9992671194847955,0.016787937113022327,0.999146737390113
COIN_010,2024-02-09 14:00:00,-0.002208152704545081,0.9996972827358781,-0.00279277926350366,0.9992978111898069,0.001276592906846544,0.9984705118100488,-0.007245757590833561,0.9977936087791298
COIN_011,2024-02-09 15:00:00,0.0002713004163889798,0.9998889678672457,-0.003652517828993937,0.9993612361889945,-0.012286816127493041,0.9996533955262312,0.009323104731529263,0.9985115143804948
COIN_012,2024-02-09 16:00:00,-0.001645069893184507,0.999721401530801,0.001148588194085032,0.99895468468578,0.0158483569192665,0.9993088512142546,-0.019156411206337407,0.9978862533425299
COIN_013,2024-02-09 17:00:00,0.00036661295377873,0.9994949543762527,0.008816798360907529,0.9996057983349096,-0.006317688495987974,0.9989783671881011,-0.02537841705536185,0.9986450035069091
COIN_014,2024-02-09 18:00:00,-0.0028230976848358305,0.9998298405790584,-0.008836471470795,0.9998869523674021,-0.011953574218001995,0.9996330869629599,0.003573431803255591,0.9987457749146421
COIN_015,2024-02-09 19:00:00,0.0013045515699676598,0.9998350975812542,0.0006623995962733725,0.9994672514323483,-0.002402162494375425,0.9993343036382105,-0.00578562302218544,0.9995676460247447
COIN_016,2024-02-09 20:00:00,-0.0005236946800136434,0.9996060216796216,-0.010315703861225984,0.9993994012101696,0.0027017019607146063,0.9993691224890889,-0.008120865329278885,0.9990813886794551
COIN_017,2024-02-09 21:00:00,-0.0032701253553459888,0.9998759105715285,-0.005065241012931726,0.9991157128399616,-0.008876309770596119,0.9984656514733564,-0.00726929258026697,0.9986741851048523
COIN_018,2024-02-09 22:00:00,0.0014169101494228154,0.9997504212775726,0.002128843147569782,0.9991357913937233,0.0044489935969044435,0.9978853965355647,-0.008599508401404743,0.9974042204518445
COIN_019,2024-02-09 23:00:00,-0.00035884472744975265,0.9998398287163445,-0.006095465325419792,0.9997255299211641,0.0024718062383679595,0.9996319544657783,-0.0018223505833461242,0.9985345464702085
COIN_000,2024-02-10 00:00:00,0.0023589248266468166,0.9997732585270105,0.005065242551867913,0.9995430654892351,-0.0015448054192014982,0.9995064949396679,0.006697025604432988,0.9997708851554055
COIN_001,2024-02-10 01:00:00,-0.0019209217619782096,0.9997119503288568,0.00020119303038790954,0.9987664949248423,-0.005315296404292961,0.9998611519755713,0.0030709754797741073,0.9993916086075973
COIN_002,2024-02-10 02:00:00,0.0012706360835486605,0.9997469242495067,0.0006877383592989301,0.9988137144389859,0.0014844382712712004,0.999606315642201,-0.013197738039235676,0.9980250708660517
COIN_003,2024-02-10 03:00:00,-0.0019713903468441766,0.9997752109346735,-0.006956331878504837,0.9995512070755099,0.0007344653992675691,0.9993941583386289,-0.004983121509464299,0.9973236912744298
COIN_004,2024-02-10 04:00:00,0.00601432173173096,0.9994967616249267,0.001023490969112361,0.9997319153251237,0.0015582735117525654,0.9989801913938017,0.01000106802621381,0.9983031908444141
COIN_005,2024-02-10 05:00:00,-0.0011829744065227213,0.9996011907676822,0.004211834189454431,0.9993797553103734,-0.002620905125958892,0.9996070945354717,0.003308833443026398,0.9983838938128069
COIN_006,2024-02-10 06:00:00,-0.0015385130847134743,0.9996063285444515,-0.005775974797320405,0.9997003049143218,-0.0016086869650594811,0.9989670198643208,0.006523273498923934,0.9995677379006668
COIN_007,2024-02-10 07:00:00,-0.001547922147974212,0.9998508474754213,0.0034944783018430055,0.9997979150104519,-0.007435691120380973,0.9996313094470157,0.011976614420346867,0.9993054174030223
COIN_008,2024-02-10 08:00:00,-0.002594277521919494,0.9995002725582971,0.010378317087656396,0.9992173246955589,-0.011413919197079134,0.9986486592050398,-0.006325744111455943,0.9981385858035523
COIN_009,2024-02-10 09:00:00,-0.0009546413999573216,0.9996307658837879,-0.006563146218266136,0.9997034478496915,-0.014152787100586576,0.9997346841697216,-0.01239087404744805,0.9992724017529822
COIN_010,2024-02-10 10:00:00,-0.0014711579288474305,0.9998092606088564,-0.0003727398093396387,0.9995528445366516,-0.009935170404183074,0.9967230486549937,0.01026825712038549,0.998304451966397
COIN_011,2024-02-10 11:00:00,0.00016574638675069864,0.9998885614066595,0.006200605350412229,0.9994061252083236,-0.009748980563753158,0.9990292153098437,-0.02905514230982127,0.9963301615308379
COIN_012,2024-02-10 12:00:00,0.0004278758504237874,0.9997478065024582,0.0004536651186965084,0.9995894419472423,-0.001014519138589851,0.9987668067706903,0.005390888726595573,0.9968056234436928
COIN_013,2024-02-10 13:00:00,0.002268022429984494,0.9997884201355085,-0.0015404677531771127,0.9995639579417969,0.0017346802479072537,0.9987582965340169,-0.013919681214460832,0.9996136181728672
COIN_014,2024-02-10 14:00:00,-1.4610321219167594e-05,0.9998213256316358,0.0012962658484186862,0.9996508902942003,-0.0045537144171743675,0.9994507895182069,-0.003848365230149184,0.9983941498419572
COIN_015,2024-02-10 15:00:00,0.002152286362993009,0.9996552529882005,0.0015078024104379255,0.9999594552395047,-0.010492895771976438,0.9983188132293253,0.019303114074220903,0.9996951261090543
COIN_016,2024-02-10 16:00:00,-0.0039057794853979825,0.9997188682603372,-0.003225241315631941,0.9993164797127729,0.00125071149386892,0.9990924870742465,-0.014201159351356898,0.9979698250238852
COIN_017,2024-02-10 17:00:00,0.0026249744069503874,0.9998678632151515,-0.004171240868961525,0.9994287331021655,-0.0011905196324707688,0.9991177210404364,-0.0033679215564504303,0.9986442778480528
COIN_018,2024-02-10 18:00:00,0.000923865948600361,0.9997931798474194,0.002648415660053515,0.9991614726505912,-6.170109061840632e-05,0.9990094467812157,-0.001448828480037607,0.9995068375693595
COIN_019,2024-02-10 19:00:00,-0.00012545453000596934,0.9997856991153072,-0.0015191784198407014,0.9992371983022322,-0.003909395182914159,0.9992865046168461,0.0072022281965035935,0.9987914680159461
COIN_000,2024-02-10 20:00:00,-0.0003314511294781007,0.9997091261990297,0.00048038251404146533,0.9991774435801425,-0.003869358894095377,0.9990555347991542,0.008879290546612075,0.9989758968090533
COIN_001,2024-02-10 21:00:00,-0.004905223576271663,0.9998529672741435,-0.0024942224036033044,0.9992719921117433,-0.0007658702766521687,0.99892143798694,0.028604747379961173,0.9983509118412084
COIN_002,2024-02-10 22:00:00,-0.002263378842547697,0.9997376200010049,0.0019915190323177754,0.999728751566568,-0.0007851522684202169,0.9990943421423654,0.001171360482710551,0.9986285995041154
COIN_003,2024-02-10 23:00:00,-0.0035960364037527087,0.9997527355125412,-0.005735236607207063,0.9996711579267838,-0.0066801980091279285,0.9985797902480572,0.0007733396074863964,0.9989185899743493
COIN_004,2024-02-11 00:00:00,0.0011016627574233827,0.9998108947439049,0.007600275902542044,0.9995586112614048,0.003862020656094928,0.9991277061024927,0.011604526845418737,0.9984150666990539
COIN_005,2024-02-11 01:00:00,0.001936647398969736,0.9998105263059074,-0.003948665352511004,0.999278610945548,-0.015461893347453945,0.9981321158874379,0.001210412811063703,0.9987893779696843
COIN_006,2024-02-11 02:00:00,0.002072202670430032,0.9996971067863364,0.0010918182072770092,0.9994534437049059,0.001515343116346101,0.9990033710231291,0.004880761954437898,0.9994097967128653
COIN_007,2024-02-11 03:00:00,-0.0001536072978529751,0.9991507778125883,0.003435797449378369,0.9996666816687935,0.005865076306621849,0.9975260476670735,0.0010657026561740242,0.9990182570523296
COIN_008,2024-02-11 04:00:00,0.0008374246573097252,0.9998613536060257,0.006364675099481901,0.9994560149768764,-0.013250278953027217,0.9986532181469935,0.00012111699935927946,0.9972493069536573
COIN_009,2024-02-11 05:00:00,1.8418714913691396e-05,0.9998241136237173,-0.0008435338979786937,0.999620942999246,-0.006948785079365974,0.9998060723547353,0.010167958466973041,0.9990722524476511
COIN_010,2024-02-11 06:00:00,0.00022850449760601957,0.9995158253473179,-0.00042107997028024437,0.9991113355918503,-0.0010390844480940335,0.9984401926854273,-0.0014196482843131658,0.9998276331752386
COIN_011,2024-02-11 07:00:00,0.00024619500046856225,0.9995446230148942,0.0028794962011625433,0.9997613258910304,-0.011688322099860796,0.9997169125274182,-0.006878117459317289,0.9993964627623827
COIN_012,2024-02-11 08:00:00,0.0021008733688991812,0.9995548627744877,-0.0014708960783486088,0.9991679609978332,-0.0012798137269316836,0.9991553475681351,-0.00540570642899692,0.9989749426486342
COIN_013,2024-02-11 09:00:00,0.00033852847259085864,0.9996779801040817,0.005970277648322625,0.9992612337739555,0.0023384773929716086,0.9992968431882927,-0.0006640795255280314,0.9960145975469427
COIN_014,2024-02-11 10:00:00,-0.0013435630729350494,0.9999174467921501,-0.0009430112660652342,0.9993438514907605,0.00275385953187746,0.9994705180120106,0.005972664139553495,0.9990238727300975
COIN_015,2024-02-11 11:00:00,-0.0006467766222339519,0.9996467877486025,0.008057334146330327,0.9991885733704343,0.0021704178624108255,0.9992768204399097,0.03209211932945708,0.9979783017703542
COIN_016,2024-02-11 12:00:00,0.0032111697067134137,0.9996511427080477,0.002649064268086395,0.9986334599169338,-0.0021179749927735495,0.9980259677361443,0.006993246032472647,0.9986470475368958
COIN_017,2024-02-11 13:00:00,-0.0023724928915505677,0.9997730599225687,9.684964670704141e-05,0.9991396518474311,-0.0018599223810059464,0.9995649870437491,0.011058412312508746,0.9996284141650653
COIN_018,2024-02-11 14:00:00,-0.0035339030117968566,0.9997990564698412,0.0007058152140284683,0.99907009988798,0.005064563963207752,0.9997355107785846,0.010004542062996431,0.9973628030685054
COIN_019,2024-02-11 15:00:00,-0.000739628975468587,0.9997802562697762,-0.0014446663786182399,0.9991628448796634,-0.00020216649727615842,0.9985914734184266,0.011274507562619994,0.9983545443205666
